en,it,fr,es,ja,hi,zh-cn
VPN services tools,Strumenti di servizi VPN,Outils de services VPN,Herramientas de servicios VPN,VPNサービスツール,वीपीएन सेवा उपकरण,VPN服务工具
VPN services apps,App di servizi VPN,Applications de services VPN,Aplicaciones de servicios VPN,VPNサービスアプリ,वीपीएन सेवा एप्लिकेशन,VPN服务应用程序
VPN services software,Software di servizi VPN,Logiciel de services VPN,Software de servicios VPN,VPNサービスソフトウェア,वीपीएन सेवा सॉफ्टवेयर,VPN服务软件
VPN services solutions,VPN Services Solutions,Solutions de services VPN,Soluciones de servicios VPN,VPNサービスソリューション,वीपीएन सेवा समाधान,VPN服务解决方案
VPN services services,VPN Services Services,Services VPN,Servicios de VPN Servicios,VPNサービスサービス,वीपीएन सेवा सेवाएँ,VPN服务
VPN services platforms,Piattaforme di servizi VPN,Plateformes de services VPN,Plataformas de servicios VPN,VPNサービスプラットフォーム,वीपीएन सेवा मंच,VPN服务平台
password manager tools,Strumenti di Gestione password,Outils du gestionnaire de mot de passe,Herramientas de Administrador de contraseñas,パスワードマネージャーツール,पासवर्ड प्रबंधक उपकरण,密码管理器工具
password manager apps,App Password Manager,applications de gestion de mot de passe,Aplicaciones de Administrador de contraseñas,パスワードマネージャーアプリ,पासवर्ड मैनेजर ऐप्स,密码管理器应用程序
password manager software,Software di gestore di password,Logiciel de gestion de mot de passe,Software de Administrador de contraseñas,パスワードマネージャーソフトウェア,पासवर्ड प्रबंधक सॉफ्टवेयर,密码管理器软件
password manager solutions,Soluzioni di responsabile password,Solutions de gestion de mot de passe,Soluciones de Administrador de contraseñas,パスワードマネージャーソリューション,पासवर्ड प्रबंधक समाधान,密码管理器解决方案
password manager services,Servizi di responsabile password,Services du gestionnaire de mots de passe,Servicios de Administrador de contraseñas,パスワードマネージャーサービス,पासवर्ड प्रबंधक सेवाएँ,密码管理器服务
password manager platforms,Piattaforme di gestore di password,Plateformes de gestion de mot de passe,Plataformas de Administrador de contraseñas,パスワードマネージャープラットフォーム,पासवर्ड मैनेजर प्लेटफ़ॉर्म,密码管理器平台
cyber protection tools,Strumenti di protezione informatica,outils de cyber-protection,Herramientas de protección cibernética,サイバー保護ツール,साइबर संरक्षण उपकरण,网络保护工具
cyber protection apps,App di protezione informatica,Cyber ​​Protection Apps,aplicaciones de protección cibernética,サイバー保護アプリ,साइबर संरक्षण ऐप्स,网络保护应用程序
cyber protection software,software di protezione informatica,logiciel de cyber-protection,software de protección cibernética,サイバー保護ソフトウェア,साइबर संरक्षण सॉफ्टवेयर,网络保护软件
cyber protection solutions,Soluzioni di protezione informatica,Solutions de cyber-protection,Soluciones de protección cibernética,サイバー保護ソリューション,साइबर संरक्षण समाधान,网络保护解决方案
cyber protection services,Servizi di protezione informatica,services de cyber-protection,Servicios de protección cibernética,サイバー保護サービス,साइबर संरक्षण सेवाएँ,网络保护服务
cyber protection platforms,piattaforme di protezione informatica,Cyber-Plateaux de protection,plataformas de protección cibernética,サイバー保護プラットフォーム,साइबर संरक्षण प्लेटफ़ॉर्म,网络保护平台
